{"cameraMode":{"drawMode":0,"name":"Shaded","section":"Shading Mode"},"sceneLighting":false,"audioPlay":false,"sceneViewState":{"m_AlwaysRefresh":false,"showFog":true,"showSkybox":false,"showFlares":true,"showImageEffects":true,"showParticleSystems":true,"showVisualEffectGraphs":true,"m_FxEnabled":true},"in2DMode":false,"pivot":{"x":0.043070316314697269,"y":0.4761916697025299,"z":-0.07366418838500977},"rotation":{"x":-0.10983630269765854,"y":-0.4001879394054413,"z":0.04838046431541443,"w":-0.9085415601730347},"size":1.7271394729614258,"orthographic":false}