{"cameraMode":{"drawMode":0,"name":"Shaded","section":"Shading Mode"},"sceneLighting":false,"audioPlay":false,"sceneViewState":{"m_AlwaysRefresh":false,"showFog":true,"showSkybox":false,"showFlares":true,"showImageEffects":true,"showParticleSystems":true,"showVisualEffectGraphs":true,"m_FxEnabled":true},"in2DMode":false,"pivot":{"x":2.0022592544555666,"y":0.9998007416725159,"z":-0.03308546543121338},"rotation":{"x":0.03370555117726326,"y":0.2127431035041809,"z":-0.00733543373644352,"w":0.9764971137046814},"size":0.9655112028121948,"orthographic":false}