{"cameraMode":{"drawMode":0,"name":"Shaded","section":"Shading Mode"},"sceneLighting":true,"audioPlay":false,"sceneViewState":{"m_AlwaysRefresh":false,"showFog":true,"showSkybox":false,"showFlares":true,"showImageEffects":true,"showParticleSystems":true,"showVisualEffectGraphs":true,"m_FxEnabled":true},"in2DMode":false,"pivot":{"x":-0.07174419611692429,"y":0.9365382194519043,"z":0.1778523176908493},"rotation":{"x":-0.10983630269765854,"y":-0.4001879394054413,"z":0.04838046431541443,"w":-0.9085415601730347},"size":1.9093680381774903,"orthographic":false}