{"cameraMode":{"drawMode":0,"name":"Shaded","section":"Shading Mode"},"sceneLighting":true,"audioPlay":false,"sceneViewState":{"m_AlwaysRefresh":false,"showFog":true,"showSkybox":true,"showFlares":true,"showImageEffects":true,"showParticleSystems":true,"showVisualEffectGraphs":true,"m_FxEnabled":true},"in2DMode":false,"pivot":{"x":1.67318594455719,"y":-0.963742733001709,"z":7.118442535400391},"rotation":{"x":-0.17046822607517243,"y":0.013118293136358261,"z":-0.0021425229497253896,"w":-0.9853329658508301},"size":12.12435531616211,"orthographic":false}