{"cameraMode":{"drawMode":0,"name":"Shaded","section":"Shading Mode"},"sceneLighting":false,"audioPlay":false,"sceneViewState":{"m_AlwaysRefresh":false,"showFog":true,"showSkybox":false,"showFlares":true,"showImageEffects":true,"showParticleSystems":true,"showVisualEffectGraphs":true,"m_FxEnabled":true},"in2DMode":false,"pivot":{"x":-0.7109715938568115,"y":2.0230863094329836,"z":8.029191017150879},"rotation":{"x":-0.018521759659051896,"y":0.3884180784225464,"z":0.007808963768184185,"w":0.9212636947631836},"size":1.6740690469741822,"orthographic":false}