{"cameraMode":{"drawMode":0,"name":"Shaded","section":"Shading Mode"},"sceneLighting":false,"audioPlay":false,"sceneViewState":{"m_AlwaysRefresh":false,"showFog":true,"showSkybox":false,"showFlares":true,"showImageEffects":true,"showParticleSystems":true,"showVisualEffectGraphs":true,"m_FxEnabled":true},"in2DMode":false,"pivot":{"x":1.9250659942626954,"y":4.762877941131592,"z":-1.9060277938842774},"rotation":{"x":0.03370555117726326,"y":0.2127431035041809,"z":-0.00733543373644352,"w":0.9764971137046814},"size":11.493638038635254,"orthographic":false}