{"cameraMode":{"drawMode":0,"name":"Shaded","section":"Shading Mode"},"sceneLighting":false,"audioPlay":false,"sceneViewState":{"m_AlwaysRefresh":false,"showFog":true,"showSkybox":false,"showFlares":true,"showImageEffects":true,"showParticleSystems":true,"showVisualEffectGraphs":true,"m_FxEnabled":true},"in2DMode":false,"pivot":{"x":5.255496978759766,"y":1.304963231086731,"z":13.925994873046875},"rotation":{"x":0.07338526844978333,"y":-0.036490168422460559,"z":0.0027704087551683189,"w":0.9966711401939392},"size":1.3094971179962159,"orthographic":false}